batsman,runs,balls,strike_rate,role
AB de Villiers,3486,2348,148.46678023850086,Middle Order
CH Gayle,3651,2409,151.55666251556664,Middle Order
DA Warner,4014,2825,142.08849557522123,Middle Order
MS Dhoni,3560,2604,136.7127496159754,Middle Order
RG Sharma,4207,3214,130.8960796515246,Top Order
SK Raina,4548,3267,139.2102846648301,Middle Order
V Kohli,4423,3405,129.8972099853157,Top Order
